filename,status,row_count,reason,processed_at
sms-call-internet-mi-2013-11-01.csv,ACCEPTED,1891928,Non-numeric values found in smsin: 1086153,2026-08-31T13:27:39
sms-call-internet-mi-2013-11-02.csv,ACCEPTED,1847331,Non-numeric values found in smsin: 1064004,2026-08-31T13:27:39
sms-call-internet-mi-2013-11-03.csv,ACCEPTED,1828063,Non-numeric values found in smsin: 1045136,2026-08-31T13:27:39
sms-call-internet-mi-2013-11-04.csv,ACCEPTED,2299544,Non-numeric values found in smsin: 1404456,2026-08-31T13:27:39
sms-call-internet-mi-2013-11-05.csv,ACCEPTED,2397759,Non-numeric values found in smsin: 1477440,2026-08-31T13:27:40
sms-call-internet-mi-2013-11-06.csv,ACCEPTED,2417156,Non-numeric values found in smsin: 1495711,2026-08-31T13:27:40
sms-call-internet-mi-2013-11-07.csv,ACCEPTED,2407384,Non-numeric values found in smsin: 1492720,2026-08-31T13:27:40
sms-call-internet-mi-2013-11-01.csv,ACCEPTED,1891928,Non-numeric values found in smsin: 1086153,2026-09-03T05:10:49
sms-call-internet-mi-2013-11-02.csv,ACCEPTED,1847331,Non-numeric values found in smsin: 1064004,2026-09-03T05:10:49
sms-call-internet-mi-2013-11-03.csv,ACCEPTED,1828063,Non-numeric values found in smsin: 1045136,2026-09-03T05:10:49
sms-call-internet-mi-2013-11-04.csv,ACCEPTED,2299544,Non-numeric values found in smsin: 1404456,2026-09-03T05:10:49
sms-call-internet-mi-2013-11-05.csv,ACCEPTED,2397759,Non-numeric values found in smsin: 1477440,2026-09-03T05:10:49
sms-call-internet-mi-2013-11-06.csv,ACCEPTED,2417156,Non-numeric values found in smsin: 1495711,2026-09-03T05:10:49
sms-call-internet-mi-2013-11-07.csv,ACCEPTED,2407384,Non-numeric values found in smsin: 1492720,2026-09-03T05:10:49
sms-call-internet-mi-2013-11-01.csv,ACCEPTED,1891928,Non-numeric values found in smsin: 1086153,2026-09-03T05:31:11
sms-call-internet-mi-2013-11-02.csv,ACCEPTED,1847331,Non-numeric values found in smsin: 1064004,2026-09-03T05:31:11
sms-call-internet-mi-2013-11-03.csv,ACCEPTED,1828063,Non-numeric values found in smsin: 1045136,2026-09-03T05:31:11
sms-call-internet-mi-2013-11-04.csv,ACCEPTED,2299544,Non-numeric values found in smsin: 1404456,2026-09-03T05:31:11
sms-call-internet-mi-2013-11-05.csv,ACCEPTED,2397759,Non-numeric values found in smsin: 1477440,2026-09-03T05:31:11
sms-call-internet-mi-2013-11-06.csv,ACCEPTED,2417156,Non-numeric values found in smsin: 1495711,2026-09-03T05:31:11
sms-call-internet-mi-2013-11-07.csv,ACCEPTED,2407384,Non-numeric values found in smsin: 1492720,2026-09-03T05:31:11
sms-call-internet-mi-2013-11-01.csv,ACCEPTED,1891928,Non-numeric values found in smsin: 1086153,2026-09-03T06:19:04
sms-call-internet-mi-2013-11-02.csv,ACCEPTED,1847331,Non-numeric values found in smsin: 1064004,2026-09-03T06:19:04
sms-call-internet-mi-2013-11-03.csv,ACCEPTED,1828063,Non-numeric values found in smsin: 1045136,2026-09-03T06:19:04
sms-call-internet-mi-2013-11-04.csv,ACCEPTED,2299544,Non-numeric values found in smsin: 1404456,2026-09-03T06:19:04
sms-call-internet-mi-2013-11-05.csv,ACCEPTED,2397759,Non-numeric values found in smsin: 1477440,2026-09-03T06:19:04
sms-call-internet-mi-2013-11-06.csv,ACCEPTED,2417156,Non-numeric values found in smsin: 1495711,2026-09-03T06:19:04
sms-call-internet-mi-2013-11-07.csv,ACCEPTED,2407384,Non-numeric values found in smsin: 1492720,2026-09-03T06:19:04
sms-call-internet-mi-2013-11-01.csv,ACCEPTED,1891928,Non-numeric values found in smsin: 1086153,2026-09-03T07:05:52
sms-call-internet-mi-2013-11-02.csv,ACCEPTED,1847331,Non-numeric values found in smsin: 1064004,2026-09-03T07:05:52
sms-call-internet-mi-2013-11-03.csv,ACCEPTED,1828063,Non-numeric values found in smsin: 1045136,2026-09-03T07:05:52
sms-call-internet-mi-2013-11-04.csv,ACCEPTED,2299544,Non-numeric values found in smsin: 1404456,2026-09-03T07:05:52
sms-call-internet-mi-2013-11-05.csv,ACCEPTED,2397759,Non-numeric values found in smsin: 1477440,2026-09-03T07:05:52
sms-call-internet-mi-2013-11-06.csv,ACCEPTED,2417156,Non-numeric values found in smsin: 1495711,2026-09-03T07:05:52
sms-call-internet-mi-2013-11-07.csv,ACCEPTED,2407384,Non-numeric values found in smsin: 1492720,2026-09-03T07:05:52
sms-call-internet-mi-2013-11-01.csv,ACCEPTED,1891928,Non-numeric values found in smsin: 1086153,2026-09-03T08:06:23
sms-call-internet-mi-2013-11-02.csv,ACCEPTED,1847331,Non-numeric values found in smsin: 1064004,2026-09-03T08:06:23
sms-call-internet-mi-2013-11-03.csv,ACCEPTED,1828063,Non-numeric values found in smsin: 1045136,2026-09-03T08:06:23
sms-call-internet-mi-2013-11-04.csv,ACCEPTED,2299544,Non-numeric values found in smsin: 1404456,2026-09-03T08:06:23
sms-call-internet-mi-2013-11-05.csv,ACCEPTED,2397759,Non-numeric values found in smsin: 1477440,2026-09-03T08:06:23
sms-call-internet-mi-2013-11-06.csv,ACCEPTED,2417156,Non-numeric values found in smsin: 1495711,2026-09-03T08:06:23
sms-call-internet-mi-2013-11-07.csv,ACCEPTED,2407384,Non-numeric values found in smsin: 1492720,2026-09-03T08:06:23
sms-call-internet-mi-2013-11-01.csv,ACCEPTED,1891928,Non-numeric values found in smsin: 1086153,2026-09-03T08:13:06
sms-call-internet-mi-2013-11-02.csv,ACCEPTED,1847331,Non-numeric values found in smsin: 1064004,2026-09-03T08:13:06
sms-call-internet-mi-2013-11-03.csv,ACCEPTED,1828063,Non-numeric values found in smsin: 1045136,2026-09-03T08:13:06
sms-call-internet-mi-2013-11-04.csv,ACCEPTED,2299544,Non-numeric values found in smsin: 1404456,2026-09-03T08:13:06
sms-call-internet-mi-2013-11-05.csv,ACCEPTED,2397759,Non-numeric values found in smsin: 1477440,2026-09-03T08:13:06
sms-call-internet-mi-2013-11-06.csv,ACCEPTED,2417156,Non-numeric values found in smsin: 1495711,2026-09-03T08:13:06
sms-call-internet-mi-2013-11-07.csv,ACCEPTED,2407384,Non-numeric values found in smsin: 1492720,2026-09-03T08:13:06
sms-call-internet-mi-2013-11-01.csv,ACCEPTED,1891928,Non-numeric values found in smsin: 1086153,2026-09-03T08:46:56
sms-call-internet-mi-2013-11-02.csv,ACCEPTED,1847331,Non-numeric values found in smsin: 1064004,2026-09-03T08:46:56
sms-call-internet-mi-2013-11-03.csv,ACCEPTED,1828063,Non-numeric values found in smsin: 1045136,2026-09-03T08:46:56
sms-call-internet-mi-2013-11-04.csv,ACCEPTED,2299544,Non-numeric values found in smsin: 1404456,2026-09-03T08:46:56
sms-call-internet-mi-2013-11-05.csv,ACCEPTED,2397759,Non-numeric values found in smsin: 1477440,2026-09-03T08:46:56
sms-call-internet-mi-2013-11-06.csv,ACCEPTED,2417156,Non-numeric values found in smsin: 1495711,2026-09-03T08:46:56
sms-call-internet-mi-2013-11-07.csv,ACCEPTED,2407384,Non-numeric values found in smsin: 1492720,2026-09-03T08:46:56
sms-call-internet-mi-2013-11-01.csv,ACCEPTED,1891928,Non-numeric values found in smsin: 1086153,2026-09-03T20:00:53
sms-call-internet-mi-2013-11-02.csv,ACCEPTED,1847331,Non-numeric values found in smsin: 1064004,2026-09-03T20:00:53
sms-call-internet-mi-2013-11-03.csv,ACCEPTED,1828063,Non-numeric values found in smsin: 1045136,2026-09-03T20:00:53
sms-call-internet-mi-2013-11-04.csv,ACCEPTED,2299544,Non-numeric values found in smsin: 1404456,2026-09-03T20:00:53
sms-call-internet-mi-2013-11-05.csv,ACCEPTED,2397759,Non-numeric values found in smsin: 1477440,2026-09-03T20:00:53
sms-call-internet-mi-2013-11-06.csv,ACCEPTED,2417156,Non-numeric values found in smsin: 1495711,2026-09-03T20:00:53
sms-call-internet-mi-2013-11-07.csv,ACCEPTED,2407384,Non-numeric values found in smsin: 1492720,2026-09-03T20:00:53
